image,x,y,w,h,distance
L1.png,1470,1,349,1070,301.2
L2.png,0,5,440,1059,44.09
L3.png,1480,6,440,1069,298.41
L4.png,0,4,258,1060,100.31
L5.png,0,2,346,1066,132.74
L6.png,0,1,280,1073,150.55
L7.png,0,121,206,951,171.38
L9.png,0,2,465,1064,112.45
L15.png,565,7,460,1064,199.14
L16.png,0,2,459,1068,217.71
L17.png,1587,111,331,961,309.92
L18.png,1246,67,458,1002,291.26
L32.png,53,430,268,647,898.2
L36.png,319,468,229,514,622.41
L38.png,1616,351,246,594,503.36
L39.png,484,455,192,475,572.52
L40.png,597,437,178,474,597.61
L41.png,1863,379,56,588,470.22
L42.png,691,415,180,506,588.24
L43.png,733,372,227,580,551.47
L44.png,748,334,247,678,500.0
L45.png,754,285,299,783,437.32
L46.png,712,201,353,869,404.31
L47.png,704,101,425,970,328.23
L48.png,1426,3,493,1064,107.07
L49.png,726,7,496,1054,272.73
L54.png,1633,0,286,1076,231.48
L56.png,618,0,313,1070,265.02
L73.png,1353,265,228,795,652.17
L76.png,3,257,472,817,337.08
L87.png,398,184,354,892,438.6
L96.png,379,333,415,738,382.65
L98.png,239,0,546,1067,175.03
L131.png,14,507,177,566,90.74
L132.png,1042,739,59,148,1973.68
L133.png,1082,768,56,122,1948.05
L134.png,0,447,91,622,714.29
L135.png,1022,722,57,142,1973.68
L136.png,1064,746,49,125,1973.68
L137.png,1055,740,43,128,1973.68
L186.png,1678,607,51,201,524.48
L196.png,1348,319,306,755,504.84
L197.png,1564,245,316,829,370.22
L199.png,792,2,400,1070,351.81
L215.png,1643,491,130,468,678.73
L217.png,1365,490,154,464,551.47
L219.png,1169,490,127,484,622.41
L225.png,524,210,377,860,287.36
L232.png,727,270,369,800,481.4
L234.png,660,362,292,715,520.83
L241.png,141,139,417,936,332.59
L281.png,504,536,81,202,1162.79
L282.png,516,505,84,226,1119.4
L285.png,512,494,87,234,1181.1
L286.png,524,491,95,254,1094.89
L287.png,545,497,106,269,1034.48
L288.png,563,507,112,293,961.54
L300.png,1102,360,283,664,436.32
L310.png,259,398,175,580,579.15
R1.png,1057,226,275,848,538.46
R3.png,963,201,309,872,537.36
R13.png,212,214,386,857,451.61
R15.png,479,177,257,897,358.97
R16.png,505,198,478,874,325.58
R17.png,873,162,303,910,291.67
R18.png,943,147,404,924,205.88
R19.png,1286,103,309,967,197.18
R20.png,1396,94,487,979,208.96
R21.png,1759,66,160,998,212.12
R22.png,0,527,137,199,29.29
R23.png,100,3,475,1061,140.0
R24.png,436,0,526,1066,170.84
R25.png,811,1,342,1068,245.61
R28.png,981,62,275,1005,250.0
R36.png,1322,257,250,772,608.7
R48.png,0,440,51,286,411.76
R49.png,0,383,111,576,538.46
R52.png,0,388,174,563,560.0
R60.png,1235,472,97,313,1000.0
R64.png,1198,470,92,325,1076.92
R66.png,1169,472,86,324,1000.0
R73.png,863,468,164,338,560.0
R99.png,796,67,522,998,285.71
R100.png,796,1,530,1065,237.29
R101.png,929,1,576,1066,133.33
R102.png,1205,3,714,1070,105.26
R103.png,1601,6,313,1057,70.0
R106.png,34,270,233,761,482.76
R113.png,1192,94,290,980,264.15
R114.png,1389,59,428,1014,197.18
R115.png,1765,4,154,1067,162.79
R118.png,588,17,374,1053,255.56
R119.png,712,104,421,966,266.67
R120.png,968,131,402,937,153.85
R121.png,1111,207,413,862,175.0
R122.png,1230,239,328,831,179.49
R123.png,1316,288,325,784,181.82
R124.png,1397,315,315,756,186.67
R125.png,1447,361,274,710,194.44
R126.png,1473,378,255,663,222.22
R127.png,1509,400,238,614,250.0
R128.png,1524,418,239,574,318.18
R129.png,1531,428,202,532,500.0
R130.png,1513,448,206,500,566.67
R138.png,1483,2,435,1064,206.06
R154.png,0,192,161,876,437.5
R171.png,1102,190,337,883,358.97
R172.png,614,3,565,1066,189.19
R173.png,252,1,537,1070,181.82
R174.png,1273,216,332,847,225.81
R176.png,0,3,489,1069,170.73
R180.png,1640,285,272,709,466.67
R196.png,1188,353,218,557,583.33
R198.png,1019,333,198,582,482.76
R203.png,1583,228,336,844,333.33
R204.png,1371,220,312,849,418.52
R212.png,39,0,544,1075,258.97
R217.png,748,2,440,1072,400.0
R218.png,994,94,406,977,482.76
R225.png,120,389,225,586,666.67
R280.png,1340,5,572,1061,104.48
R282.png,1239,2,680,1068,107.69
R284.png,1129,2,655,1065,134.62
R286.png,1058,72,487,993,177.22
R316.png,89,0,661,1068,157.3
R317.png,311,1,773,1065,114.75
R318.png,630,3,730,1061,88.61
R319.png,1228,4,690,1063,70.71
R320.png,1454,1,465,1069,148.94
R338.png,834,402,213,528,777.78
R350.png,695,492,91,321,933.33
R354.png,500,467,172,364,823.53
R445.png,958,428,119,344,933.33
R449.png,868,2,531,1067,109.38
R463.png,1343,0,527,1070,82.84
R465.png,909,0,420,1068,99.29
R467.png,300,4,550,1062,96.55
R490.png,415,61,434,1007,141.41
R545.png,0,3,250,1064,45.6
R547.png,573,0,518,1066,86.96
R550.png,1428,0,490,1066,90.91
9bfffcbd.png,1470,1,349,1070,301.2
bbd19bdf.png,1470,1,349,1070,301.2
04fad73e.png,1470,1,349,1070,301.2
4ce9fad7.png,1470,1,349,1070,301.2
850f8dab.png,1470,1,349,1070,301.2
b62b5cab.png,1470,1,349,1070,301.2
bb07f9ed.png,1470,1,349,1070,301.2
3376a5f0.png,1470,1,349,1070,301.2
6d383cbd.png,1470,1,349,1070,301.2
6143e406.png,1470,1,349,1070,301.2
cca43d9f.png,0,5,440,1059,44.09
5eccf1c1.png,0,5,440,1059,44.09
be98d4f6.png,0,5,440,1059,44.09
6748d319.png,0,5,440,1059,44.09
0e298c5f.png,0,5,440,1059,44.09
576c9894.png,0,5,440,1059,44.09
5bcdf6f3.png,0,5,440,1059,44.09
2b06ddae.png,0,5,440,1059,44.09
02fe84bd.png,0,5,440,1059,44.09
41fbff8b.png,0,5,440,1059,44.09
9c4ddf0a.png,1480,6,440,1069,298.41
eed4bb15.png,1480,6,440,1069,298.41
7acc6d0d.png,1480,6,440,1069,298.41
a761c224.png,1480,6,440,1069,298.41
acaf7218.png,1480,6,440,1069,298.41
405ccb38.png,1480,6,440,1069,298.41
2a07aac2.png,1480,6,440,1069,298.41
506ceb52.png,1480,6,440,1069,298.41
673ecfe0.png,1480,6,440,1069,298.41
da46e7fe.png,1480,6,440,1069,298.41
4a135583.png,0,4,258,1060,100.31
4ddabbb6.png,0,4,258,1060,100.31
62a4728a.png,0,4,258,1060,100.31
95c00197.png,0,4,258,1060,100.31
8a004814.png,0,4,258,1060,100.31
8609c0e2.png,0,4,258,1060,100.31
7abc19e1.png,0,4,258,1060,100.31
85830566.png,0,4,258,1060,100.31
6413c949.png,0,4,258,1060,100.31
75ac8207.png,0,4,258,1060,100.31
bb183452.png,0,2,346,1066,132.74
dce1d1bd.png,0,2,346,1066,132.74
8c93dc17.png,0,2,346,1066,132.74
9a7b1114.png,0,2,346,1066,132.74
33796d35.png,0,2,346,1066,132.74
5925d564.png,0,2,346,1066,132.74
772f8f6d.png,0,2,346,1066,132.74
6f33a550.png,0,2,346,1066,132.74
e167347a.png,0,2,346,1066,132.74
47852c44.png,0,2,346,1066,132.74
dd726e3a.png,0,1,280,1073,150.55
75bc9e8f.png,0,1,280,1073,150.55
218be5a7.png,0,1,280,1073,150.55
c1cbe2f7.png,0,1,280,1073,150.55
8cc53a8f.png,0,1,280,1073,150.55
3296fb0e.png,0,1,280,1073,150.55
ee71e243.png,0,1,280,1073,150.55
dc255d31.png,0,1,280,1073,150.55
4efbc557.png,0,1,280,1073,150.55
aa8f1575.png,0,1,280,1073,150.55
b02cc287.png,0,121,206,951,171.38
df3f847a.png,0,121,206,951,171.38
58afc8e6.png,0,121,206,951,171.38
127790d6.png,0,121,206,951,171.38
e79cc002.png,0,121,206,951,171.38
78b625ad.png,0,121,206,951,171.38
e16d0651.png,0,121,206,951,171.38
48262000.png,0,121,206,951,171.38
2c429039.png,0,121,206,951,171.38
0122a0dc.png,0,121,206,951,171.38
af7922db.png,0,2,465,1064,112.45
5f3360d9.png,0,2,465,1064,112.45
36d4528b.png,0,2,465,1064,112.45
4768e48b.png,0,2,465,1064,112.45
daa0a0c8.png,0,2,465,1064,112.45
911302fe.png,0,2,465,1064,112.45
02b843b3.png,0,2,465,1064,112.45
d3daea63.png,0,2,465,1064,112.45
66d3e31e.png,0,2,465,1064,112.45
1b671888.png,0,2,465,1064,112.45
f6e5f3a7.png,565,7,460,1064,199.14
005c7cda.png,565,7,460,1064,199.14
9f918c0f.png,565,7,460,1064,199.14
dbee6ed3.png,565,7,460,1064,199.14
b6787ef2.png,565,7,460,1064,199.14
aebe357f.png,565,7,460,1064,199.14
823dc5d7.png,565,7,460,1064,199.14
69f10ff2.png,565,7,460,1064,199.14
077faaf9.png,565,7,460,1064,199.14
147b20f8.png,565,7,460,1064,199.14
319386a0.png,0,2,459,1068,217.71
0be24d7b.png,0,2,459,1068,217.71
8edd5354.png,0,2,459,1068,217.71
f8f40776.png,0,2,459,1068,217.71
8b95fe84.png,0,2,459,1068,217.71
82cd4255.png,0,2,459,1068,217.71
386700e1.png,0,2,459,1068,217.71
b79a866b.png,0,2,459,1068,217.71
3a2dfc6d.png,0,2,459,1068,217.71
50a2c3b2.png,0,2,459,1068,217.71
29ea23dc.png,1587,111,331,961,309.92
01a2e60f.png,1587,111,331,961,309.92
763ee963.png,1587,111,331,961,309.92
f135bc31.png,1587,111,331,961,309.92
2d8fdea3.png,1587,111,331,961,309.92
33a75e4b.png,1587,111,331,961,309.92
2156e5cb.png,1587,111,331,961,309.92
ae531969.png,1587,111,331,961,309.92
21e1fb80.png,1587,111,331,961,309.92
a1e02647.png,1587,111,331,961,309.92
81242576.png,1246,67,458,1002,291.26
21b1c5af.png,1246,67,458,1002,291.26
a377ac2a.png,1246,67,458,1002,291.26
3e3ec0f3.png,1246,67,458,1002,291.26
58d8015b.png,1246,67,458,1002,291.26
7943308c.png,1246,67,458,1002,291.26
a2e8df23.png,1246,67,458,1002,291.26
8a2fa803.png,1246,67,458,1002,291.26
954dc63d.png,1246,67,458,1002,291.26
4037e78f.png,1246,67,458,1002,291.26
0d44435b.png,53,430,268,647,898.2
75e1c43e.png,53,430,268,647,898.2
da5becfd.png,53,430,268,647,898.2
aebd642d.png,53,430,268,647,898.2
02c360f9.png,53,430,268,647,898.2
ab6ec2b4.png,53,430,268,647,898.2
47e4f242.png,53,430,268,647,898.2
6c610fde.png,53,430,268,647,898.2
1ea43428.png,53,430,268,647,898.2
1fa47e08.png,53,430,268,647,898.2
c84a0cb4.png,319,468,229,514,622.41
ecc89846.png,319,468,229,514,622.41
028bc983.png,319,468,229,514,622.41
af4a82f6.png,319,468,229,514,622.41
b9529f68.png,319,468,229,514,622.41
eda2c7dd.png,319,468,229,514,622.41
a9083630.png,319,468,229,514,622.41
cabfbe0d.png,319,468,229,514,622.41
bc8316c4.png,319,468,229,514,622.41
b4cac473.png,319,468,229,514,622.41
2d3628cb.png,1616,351,246,594,503.36
76ce7beb.png,1616,351,246,594,503.36
57249dd6.png,1616,351,246,594,503.36
bd23064e.png,1616,351,246,594,503.36
873fb2b8.png,1616,351,246,594,503.36
7aec046c.png,1616,351,246,594,503.36
6ea0b97a.png,1616,351,246,594,503.36
49ce6513.png,1616,351,246,594,503.36
c180fa83.png,1616,351,246,594,503.36
7f65fc1e.png,1616,351,246,594,503.36
bba1a2f3.png,484,455,192,475,572.52
61456872.png,484,455,192,475,572.52
bf645469.png,484,455,192,475,572.52
657ca86e.png,484,455,192,475,572.52
81e8cbac.png,484,455,192,475,572.52
28907233.png,484,455,192,475,572.52
dfd93a7b.png,484,455,192,475,572.52
974bdf6c.png,484,455,192,475,572.52
d4953100.png,484,455,192,475,572.52
da6d0d33.png,484,455,192,475,572.52
b53ed556.png,597,437,178,474,597.61
6303306f.png,597,437,178,474,597.61
24e51852.png,597,437,178,474,597.61
4218de7f.png,597,437,178,474,597.61
e7f87fd8.png,597,437,178,474,597.61
d36368e3.png,597,437,178,474,597.61
cd869de2.png,597,437,178,474,597.61
dc6e3be4.png,597,437,178,474,597.61
04a89a39.png,597,437,178,474,597.61
b5fac518.png,597,437,178,474,597.61
c8fe50d1.png,1863,379,56,588,470.22
bf50f1be.png,1863,379,56,588,470.22
0240ef86.png,1863,379,56,588,470.22
dbeb4072.png,1863,379,56,588,470.22
faa73522.png,1863,379,56,588,470.22
5da186de.png,1863,379,56,588,470.22
58893ea4.png,1863,379,56,588,470.22
b0dc0ed6.png,1863,379,56,588,470.22
2b1faf54.png,1863,379,56,588,470.22
c35d2987.png,1863,379,56,588,470.22
989ce198.png,691,415,180,506,588.24
72bfa568.png,691,415,180,506,588.24
49c4a2ed.png,691,415,180,506,588.24
551edc63.png,691,415,180,506,588.24
bf2b59d2.png,691,415,180,506,588.24
0b16bebb.png,691,415,180,506,588.24
7b363dd6.png,691,415,180,506,588.24
19dc9d6c.png,691,415,180,506,588.24
4f852aae.png,691,415,180,506,588.24
465bc7ff.png,691,415,180,506,588.24
3c50258d.png,733,372,227,580,551.47
613e07b0.png,733,372,227,580,551.47
f4011cce.png,733,372,227,580,551.47
4c579e75.png,733,372,227,580,551.47
7109568c.png,733,372,227,580,551.47
576a7735.png,733,372,227,580,551.47
f8e317cc.png,733,372,227,580,551.47
621edde8.png,733,372,227,580,551.47
75741b6d.png,733,372,227,580,551.47
d6f95381.png,733,372,227,580,551.47
0d2f0cd4.png,748,334,247,678,500.0
52da8f3e.png,748,334,247,678,500.0
7ee58b42.png,748,334,247,678,500.0
d9bf4dd3.png,748,334,247,678,500.0
af99695c.png,748,334,247,678,500.0
0c296f0b.png,748,334,247,678,500.0
3be778aa.png,748,334,247,678,500.0
f6793c09.png,748,334,247,678,500.0
77922efa.png,748,334,247,678,500.0
9042af36.png,748,334,247,678,500.0
58377dea.png,754,285,299,783,437.32
5e0de2fa.png,754,285,299,783,437.32
c001892b.png,754,285,299,783,437.32
30ae1591.png,754,285,299,783,437.32
9098f404.png,754,285,299,783,437.32
335994bb.png,754,285,299,783,437.32
3cc7b372.png,754,285,299,783,437.32
cb7e8bca.png,754,285,299,783,437.32
ff00aa4b.png,754,285,299,783,437.32
fd32878a.png,754,285,299,783,437.32
a37aec92.png,712,201,353,869,404.31
b39aa2c6.png,712,201,353,869,404.31
e2c6bd86.png,712,201,353,869,404.31
334ae4c1.png,712,201,353,869,404.31
dc350885.png,712,201,353,869,404.31
abb8d90c.png,712,201,353,869,404.31
441143d9.png,712,201,353,869,404.31
a53efd9c.png,712,201,353,869,404.31
305ed4e2.png,712,201,353,869,404.31
787a75fa.png,712,201,353,869,404.31
b33440a2.png,704,101,425,970,328.23
8dca712e.png,704,101,425,970,328.23
9160396d.png,704,101,425,970,328.23
5bbce0cb.png,704,101,425,970,328.23
89bf6fb1.png,704,101,425,970,328.23
aff77c13.png,704,101,425,970,328.23
193d07ca.png,704,101,425,970,328.23
48ba62b7.png,704,101,425,970,328.23
bb1d8022.png,704,101,425,970,328.23
713b3788.png,704,101,425,970,328.23
8a9369af.png,1426,3,493,1064,107.07
39a115eb.png,1426,3,493,1064,107.07
6f5b8c3e.png,1426,3,493,1064,107.07
1a09f8c1.png,1426,3,493,1064,107.07
fb3b33b6.png,1426,3,493,1064,107.07
82991572.png,1426,3,493,1064,107.07
8fea03d8.png,1426,3,493,1064,107.07
4c438751.png,1426,3,493,1064,107.07
84a9a8a0.png,1426,3,493,1064,107.07
1b061716.png,1426,3,493,1064,107.07
86a115f9.png,726,7,496,1054,272.73
d02e16d1.png,726,7,496,1054,272.73
239633f8.png,726,7,496,1054,272.73
da922430.png,726,7,496,1054,272.73
aa8bbfa8.png,726,7,496,1054,272.73
37a3f38f.png,726,7,496,1054,272.73
674cbac2.png,726,7,496,1054,272.73
994d1314.png,726,7,496,1054,272.73
6526534c.png,726,7,496,1054,272.73
9833bb56.png,726,7,496,1054,272.73
c324b93b.png,1633,0,286,1076,231.48
e275a02c.png,1633,0,286,1076,231.48
16367fd4.png,1633,0,286,1076,231.48
0fac7b82.png,1633,0,286,1076,231.48
30561f2a.png,1633,0,286,1076,231.48
e17bab6d.png,1633,0,286,1076,231.48
53ad4f68.png,1633,0,286,1076,231.48
79ec99e5.png,1633,0,286,1076,231.48
657ad8ce.png,1633,0,286,1076,231.48
ce9daaeb.png,1633,0,286,1076,231.48
dbcdbf67.png,618,0,313,1070,265.02
26747a56.png,618,0,313,1070,265.02
9c28b6d6.png,618,0,313,1070,265.02
0a6d362a.png,618,0,313,1070,265.02
2967d98f.png,618,0,313,1070,265.02
2ea7b103.png,618,0,313,1070,265.02
840954e3.png,618,0,313,1070,265.02
41acb09b.png,618,0,313,1070,265.02
76909c4a.png,618,0,313,1070,265.02
fabd42f7.png,618,0,313,1070,265.02
77f2abca.png,1353,265,228,795,652.17
463cb3b9.png,1353,265,228,795,652.17
279d8be6.png,1353,265,228,795,652.17
4e8f1f44.png,1353,265,228,795,652.17
0ff2dbec.png,1353,265,228,795,652.17
7fb1bb47.png,1353,265,228,795,652.17
443b360b.png,1353,265,228,795,652.17
3f7f5c7a.png,1353,265,228,795,652.17
bed6fde1.png,1353,265,228,795,652.17
edd560d9.png,1353,265,228,795,652.17
00a6a32a.png,3,257,472,817,337.08
93eda59f.png,3,257,472,817,337.08
ec8be5e5.png,3,257,472,817,337.08
beb152ea.png,3,257,472,817,337.08
05a17369.png,3,257,472,817,337.08
e5ffd6e3.png,3,257,472,817,337.08
6778883a.png,3,257,472,817,337.08
78b3fecd.png,3,257,472,817,337.08
3109aac1.png,3,257,472,817,337.08
4f6cf4fc.png,3,257,472,817,337.08
44241e17.png,398,184,354,892,438.6
eba38ee3.png,398,184,354,892,438.6
e73306fc.png,398,184,354,892,438.6
b99cae9a.png,398,184,354,892,438.6
ec793310.png,398,184,354,892,438.6
671daca8.png,398,184,354,892,438.6
4e5b5103.png,398,184,354,892,438.6
2e586b4d.png,398,184,354,892,438.6
c5ff165a.png,398,184,354,892,438.6
8e000dec.png,398,184,354,892,438.6
aae9707c.png,379,333,415,738,382.65
b40aa497.png,379,333,415,738,382.65
2b671bae.png,379,333,415,738,382.65
ba97a31c.png,379,333,415,738,382.65
82d9328b.png,379,333,415,738,382.65
29b80660.png,379,333,415,738,382.65
32ae06d2.png,379,333,415,738,382.65
05d835b3.png,379,333,415,738,382.65
42081778.png,379,333,415,738,382.65
7368ffe5.png,379,333,415,738,382.65
86532908.png,239,0,546,1067,175.03
ab976f7c.png,239,0,546,1067,175.03
8b0bd38e.png,239,0,546,1067,175.03
cbed1c2e.png,239,0,546,1067,175.03
72dfca77.png,239,0,546,1067,175.03
6e215eda.png,239,0,546,1067,175.03
90ca4c3a.png,239,0,546,1067,175.03
1373fff7.png,239,0,546,1067,175.03
dcdbb207.png,239,0,546,1067,175.03
1c249621.png,239,0,546,1067,175.03
07752bcc.png,14,507,177,566,90.74
0cebec0c.png,14,507,177,566,90.74
51b699c7.png,14,507,177,566,90.74
fb8b3bda.png,14,507,177,566,90.74
81b65454.png,14,507,177,566,90.74
409e94e0.png,14,507,177,566,90.74
93c3ec4d.png,14,507,177,566,90.74
7b564847.png,14,507,177,566,90.74
a0f9cd74.png,14,507,177,566,90.74
05cf4f53.png,14,507,177,566,90.74
1caa104e.png,1042,739,59,148,1973.68
261eb08b.png,1042,739,59,148,1973.68
582b2e63.png,1042,739,59,148,1973.68
8b0732f3.png,1042,739,59,148,1973.68
6b9910ba.png,1042,739,59,148,1973.68
3fcafa8f.png,1042,739,59,148,1973.68
65dcc610.png,1042,739,59,148,1973.68
dbb2833e.png,1042,739,59,148,1973.68
1e6cc2f8.png,1042,739,59,148,1973.68
e74dd5d9.png,1042,739,59,148,1973.68
ba09b12a.png,1082,768,56,122,1948.05
64ee9f05.png,1082,768,56,122,1948.05
4f824257.png,1082,768,56,122,1948.05
b4fa14b1.png,1082,768,56,122,1948.05
cc2d571c.png,1082,768,56,122,1948.05
60ca04be.png,1082,768,56,122,1948.05
76737ef2.png,1082,768,56,122,1948.05
1759cf7d.png,1082,768,56,122,1948.05
806817aa.png,1082,768,56,122,1948.05
7a5d3cc8.png,1082,768,56,122,1948.05
7b3cdce9.png,0,447,91,622,714.29
696efdb5.png,0,447,91,622,714.29
0c704cf0.png,0,447,91,622,714.29
e2abe35c.png,0,447,91,622,714.29
d206b6e1.png,0,447,91,622,714.29
691df4d6.png,0,447,91,622,714.29
029f8e97.png,0,447,91,622,714.29
9de50774.png,0,447,91,622,714.29
55faf42d.png,0,447,91,622,714.29
d87af5e9.png,0,447,91,622,714.29
3ccb90a9.png,1022,722,57,142,1973.68
2f63ef48.png,1022,722,57,142,1973.68
b2929bba.png,1022,722,57,142,1973.68
851ffa9c.png,1022,722,57,142,1973.68
b136929e.png,1022,722,57,142,1973.68
29c6c1b0.png,1022,722,57,142,1973.68
311a8a43.png,1022,722,57,142,1973.68
e9f7bfd7.png,1022,722,57,142,1973.68
d43c6eb8.png,1022,722,57,142,1973.68
69029f45.png,1022,722,57,142,1973.68
ed510334.png,1064,746,49,125,1973.68
fce14624.png,1064,746,49,125,1973.68
0e1e5232.png,1064,746,49,125,1973.68
f2f23547.png,1064,746,49,125,1973.68
36f7176e.png,1064,746,49,125,1973.68
77aff6e4.png,1064,746,49,125,1973.68
d062b377.png,1064,746,49,125,1973.68
ea5db457.png,1064,746,49,125,1973.68
b3e43b91.png,1064,746,49,125,1973.68
0193318f.png,1064,746,49,125,1973.68
be547c14.png,1055,740,43,128,1973.68
27fd437b.png,1055,740,43,128,1973.68
86af44ec.png,1055,740,43,128,1973.68
e1e457fc.png,1055,740,43,128,1973.68
ede21396.png,1055,740,43,128,1973.68
4cda4467.png,1055,740,43,128,1973.68
2908b492.png,1055,740,43,128,1973.68
8e1667a2.png,1055,740,43,128,1973.68
689df586.png,1055,740,43,128,1973.68
505572c3.png,1055,740,43,128,1973.68
2fc2ad11.png,1678,607,51,201,524.48
f4c418ba.png,1678,607,51,201,524.48
b990d8b2.png,1678,607,51,201,524.48
12e87af3.png,1678,607,51,201,524.48
0be83e22.png,1678,607,51,201,524.48
4e591b13.png,1678,607,51,201,524.48
5d036c85.png,1678,607,51,201,524.48
670107f0.png,1678,607,51,201,524.48
1d9f0e9a.png,1678,607,51,201,524.48
19167702.png,1678,607,51,201,524.48
54aaea8b.png,1348,319,306,755,504.84
c3105b22.png,1348,319,306,755,504.84
a9b6f53b.png,1348,319,306,755,504.84
3896b7d4.png,1348,319,306,755,504.84
2b8650a8.png,1348,319,306,755,504.84
407cb051.png,1348,319,306,755,504.84
3a77316c.png,1348,319,306,755,504.84
f65c7b49.png,1348,319,306,755,504.84
a8c3c734.png,1348,319,306,755,504.84
e18547ae.png,1348,319,306,755,504.84
67dda46a.png,1564,245,316,829,370.22
e2ce1d9f.png,1564,245,316,829,370.22
a73f4a56.png,1564,245,316,829,370.22
68e2a6c7.png,1564,245,316,829,370.22
1f18144d.png,1564,245,316,829,370.22
f0a86727.png,1564,245,316,829,370.22
5e97148e.png,1564,245,316,829,370.22
29b292c9.png,1564,245,316,829,370.22
5eec5bfa.png,1564,245,316,829,370.22
4bf66a8f.png,1564,245,316,829,370.22
d4104002.png,792,2,400,1070,351.81
38df8562.png,792,2,400,1070,351.81
2fd04828.png,792,2,400,1070,351.81
0b943874.png,792,2,400,1070,351.81
34356034.png,792,2,400,1070,351.81
d132716a.png,792,2,400,1070,351.81
d764d8e5.png,792,2,400,1070,351.81
d17a7af3.png,792,2,400,1070,351.81
25e62af9.png,792,2,400,1070,351.81
2e2e2d4d.png,792,2,400,1070,351.81
a24ceef4.png,1643,491,130,468,678.73
96d77bde.png,1643,491,130,468,678.73
f01ea346.png,1643,491,130,468,678.73
fdc5c58d.png,1643,491,130,468,678.73
f78d9205.png,1643,491,130,468,678.73
fb43b430.png,1643,491,130,468,678.73
2753bec8.png,1643,491,130,468,678.73
dc01e534.png,1643,491,130,468,678.73
aa2dcf65.png,1643,491,130,468,678.73
c4759e51.png,1643,491,130,468,678.73
de1e898d.png,1365,490,154,464,551.47
39541302.png,1365,490,154,464,551.47
97cec207.png,1365,490,154,464,551.47
0dd86de4.png,1365,490,154,464,551.47
e61b5b41.png,1365,490,154,464,551.47
dc856ca2.png,1365,490,154,464,551.47
90e756dc.png,1365,490,154,464,551.47
d5c561ed.png,1365,490,154,464,551.47
6792cb5d.png,1365,490,154,464,551.47
a6ec5daf.png,1365,490,154,464,551.47
9d1eb4a9.png,1169,490,127,484,622.41
6e38f074.png,1169,490,127,484,622.41
3045264c.png,1169,490,127,484,622.41
bf1e294c.png,1169,490,127,484,622.41
a3b94eca.png,1169,490,127,484,622.41
a3621d84.png,1169,490,127,484,622.41
eedd989a.png,1169,490,127,484,622.41
c46ec09f.png,1169,490,127,484,622.41
768c7e48.png,1169,490,127,484,622.41
7f5ee0f2.png,1169,490,127,484,622.41
9ae60113.png,524,210,377,860,287.36
e5b53c7b.png,524,210,377,860,287.36
5d0a52c0.png,524,210,377,860,287.36
99a6ccc5.png,524,210,377,860,287.36
fb4df297.png,524,210,377,860,287.36
2950099c.png,524,210,377,860,287.36
134f515f.png,524,210,377,860,287.36
3084e3af.png,524,210,377,860,287.36
5fdffc09.png,524,210,377,860,287.36
77aa8941.png,524,210,377,860,287.36
e447da0c.png,727,270,369,800,481.4
d31d8dec.png,727,270,369,800,481.4
394b5a79.png,727,270,369,800,481.4
799fb90a.png,727,270,369,800,481.4
83daea2d.png,727,270,369,800,481.4
334f3514.png,727,270,369,800,481.4
08a385e9.png,727,270,369,800,481.4
00194431.png,727,270,369,800,481.4
bf21dcb9.png,727,270,369,800,481.4
61da2c0e.png,727,270,369,800,481.4
ad637571.png,660,362,292,715,520.83
95773ac4.png,660,362,292,715,520.83
2cc6c9d0.png,660,362,292,715,520.83
2e8358c8.png,660,362,292,715,520.83
6046f9e8.png,660,362,292,715,520.83
d32592f6.png,660,362,292,715,520.83
a77a6331.png,660,362,292,715,520.83
43f92097.png,660,362,292,715,520.83
3af3ec6a.png,660,362,292,715,520.83
eef8ed36.png,660,362,292,715,520.83
e65be2f2.png,141,139,417,936,332.59
d781f23b.png,141,139,417,936,332.59
60e5c07b.png,141,139,417,936,332.59
cdf0aa53.png,141,139,417,936,332.59
3d0a8dcd.png,141,139,417,936,332.59
42055861.png,141,139,417,936,332.59
d3a00677.png,141,139,417,936,332.59
faec6996.png,141,139,417,936,332.59
6ae48700.png,141,139,417,936,332.59
3cad7aff.png,141,139,417,936,332.59
ad1724ca.png,504,536,81,202,1162.79
2b382a5d.png,504,536,81,202,1162.79
8c64e6b1.png,504,536,81,202,1162.79
d2f264c4.png,504,536,81,202,1162.79
7cb8913a.png,504,536,81,202,1162.79
72337725.png,504,536,81,202,1162.79
ad5d069e.png,504,536,81,202,1162.79
7747d014.png,504,536,81,202,1162.79
bb107a57.png,504,536,81,202,1162.79
2a7e5149.png,504,536,81,202,1162.79
3f6e4f2f.png,516,505,84,226,1119.4
744a4d55.png,516,505,84,226,1119.4
b07b2b15.png,516,505,84,226,1119.4
3232835b.png,516,505,84,226,1119.4
caf7d245.png,516,505,84,226,1119.4
cdf2493a.png,516,505,84,226,1119.4
dea6ce69.png,516,505,84,226,1119.4
3685f426.png,516,505,84,226,1119.4
c19094a3.png,516,505,84,226,1119.4
6435c0be.png,516,505,84,226,1119.4
448ae9f6.png,512,494,87,234,1181.1
1a15a562.png,512,494,87,234,1181.1
31128dcb.png,512,494,87,234,1181.1
291cae44.png,512,494,87,234,1181.1
a6aa65a6.png,512,494,87,234,1181.1
a85faae3.png,512,494,87,234,1181.1
6d158747.png,512,494,87,234,1181.1
539b4f62.png,512,494,87,234,1181.1
24c6e2a6.png,512,494,87,234,1181.1
dbb9cc5c.png,512,494,87,234,1181.1
443bb2fb.png,524,491,95,254,1094.89
7fe7222b.png,524,491,95,254,1094.89
f4e68d5e.png,524,491,95,254,1094.89
35f64765.png,524,491,95,254,1094.89
3306166f.png,524,491,95,254,1094.89
2f1eac8d.png,524,491,95,254,1094.89
1457a4a3.png,524,491,95,254,1094.89
a3f11794.png,524,491,95,254,1094.89
b3d671e5.png,524,491,95,254,1094.89
ae166b51.png,524,491,95,254,1094.89
2b767126.png,545,497,106,269,1034.48
b1d44614.png,545,497,106,269,1034.48
ce405c72.png,545,497,106,269,1034.48
11c8a65e.png,545,497,106,269,1034.48
320a57b5.png,545,497,106,269,1034.48
36aecce1.png,545,497,106,269,1034.48
b06914e2.png,545,497,106,269,1034.48
aee36bfe.png,545,497,106,269,1034.48
ecadaa36.png,545,497,106,269,1034.48
8dd64b74.png,545,497,106,269,1034.48
1938f81a.png,563,507,112,293,961.54
34ea7d62.png,563,507,112,293,961.54
752835bd.png,563,507,112,293,961.54
7383c45a.png,563,507,112,293,961.54
59a9bd72.png,563,507,112,293,961.54
86f68408.png,563,507,112,293,961.54
99882ba6.png,563,507,112,293,961.54
bae85cfc.png,563,507,112,293,961.54
1382db7a.png,563,507,112,293,961.54
d9c1efb9.png,563,507,112,293,961.54
bb3414a2.png,1102,360,283,664,436.32
c3fd758f.png,1102,360,283,664,436.32
4e86c155.png,1102,360,283,664,436.32
60efdd65.png,1102,360,283,664,436.32
fd8c47fa.png,1102,360,283,664,436.32
d34c3ff2.png,1102,360,283,664,436.32
2e28cb47.png,1102,360,283,664,436.32
960febc2.png,1102,360,283,664,436.32
f4a2bcdb.png,1102,360,283,664,436.32
4f692a5c.png,1102,360,283,664,436.32
fd86c577.png,259,398,175,580,579.15
18ed4a77.png,259,398,175,580,579.15
bcfe5935.png,259,398,175,580,579.15
dd3cf89f.png,259,398,175,580,579.15
fa04a88c.png,259,398,175,580,579.15
7dd778b5.png,259,398,175,580,579.15
0f356ddf.png,259,398,175,580,579.15
c29e2664.png,259,398,175,580,579.15
d9d46881.png,259,398,175,580,579.15
4507886b.png,259,398,175,580,579.15
d939f8f3.png,1057,226,275,848,538.46
664400bd.png,1057,226,275,848,538.46
3378941a.png,1057,226,275,848,538.46
be14ceb5.png,1057,226,275,848,538.46
f93c4c2d.png,1057,226,275,848,538.46
42fda66b.png,1057,226,275,848,538.46
528387ba.png,1057,226,275,848,538.46
3c1b7a6b.png,1057,226,275,848,538.46
0916e98e.png,1057,226,275,848,538.46
1bbb0d1d.png,1057,226,275,848,538.46
80191236.png,963,201,309,872,537.36
4174049e.png,963,201,309,872,537.36
36c4bacb.png,963,201,309,872,537.36
2ffeae19.png,963,201,309,872,537.36
f0ebb279.png,963,201,309,872,537.36
5cedd694.png,963,201,309,872,537.36
9fd76766.png,963,201,309,872,537.36
9701fb43.png,963,201,309,872,537.36
652bdc55.png,963,201,309,872,537.36
b5a54f9e.png,963,201,309,872,537.36
5cbd4264.png,212,214,386,857,451.61
e9146cb2.png,212,214,386,857,451.61
b48004db.png,212,214,386,857,451.61
1212a4db.png,212,214,386,857,451.61
74ed240d.png,212,214,386,857,451.61
b4ae0d9d.png,212,214,386,857,451.61
007767d0.png,212,214,386,857,451.61
bb71dd7f.png,212,214,386,857,451.61
4dab6381.png,212,214,386,857,451.61
cf1a611e.png,212,214,386,857,451.61
1ff3aab9.png,479,177,257,897,358.97
942d0eae.png,479,177,257,897,358.97
b5f7f8d2.png,479,177,257,897,358.97
b8b43ef3.png,479,177,257,897,358.97
4b41693c.png,479,177,257,897,358.97
41772f23.png,479,177,257,897,358.97
addb9078.png,479,177,257,897,358.97
ddd72ecc.png,479,177,257,897,358.97
f889d62a.png,479,177,257,897,358.97
6de893d3.png,479,177,257,897,358.97
13ab881d.png,505,198,478,874,325.58
d0d37294.png,505,198,478,874,325.58
d37abb6b.png,505,198,478,874,325.58
7e563f03.png,505,198,478,874,325.58
def41e8b.png,505,198,478,874,325.58
a1b14a12.png,505,198,478,874,325.58
96beb0c5.png,505,198,478,874,325.58
ea04e223.png,505,198,478,874,325.58
9ff9faec.png,505,198,478,874,325.58
d15e0293.png,505,198,478,874,325.58
758637c1.png,873,162,303,910,291.67
8a63a73f.png,873,162,303,910,291.67
40a3c3b9.png,873,162,303,910,291.67
504cae0e.png,873,162,303,910,291.67
7c5855c8.png,873,162,303,910,291.67
773cd0a4.png,873,162,303,910,291.67
831865a4.png,873,162,303,910,291.67
6552c123.png,873,162,303,910,291.67
cec2dacb.png,873,162,303,910,291.67
83953178.png,873,162,303,910,291.67
716bf39f.png,943,147,404,924,205.88
9debdf9f.png,943,147,404,924,205.88
959a87ed.png,943,147,404,924,205.88
40053f5e.png,943,147,404,924,205.88
e661787a.png,943,147,404,924,205.88
2e802bbc.png,943,147,404,924,205.88
9f7856f3.png,943,147,404,924,205.88
7c2ec577.png,943,147,404,924,205.88
1063f96f.png,943,147,404,924,205.88
5cfaa796.png,943,147,404,924,205.88
24c40df4.png,1286,103,309,967,197.18
2cbde08c.png,1286,103,309,967,197.18
46700bb3.png,1286,103,309,967,197.18
1b6cc24d.png,1286,103,309,967,197.18
a8104c17.png,1286,103,309,967,197.18
41f09d2a.png,1286,103,309,967,197.18
2e0a9317.png,1286,103,309,967,197.18
ca68ca44.png,1286,103,309,967,197.18
94a69ac7.png,1286,103,309,967,197.18
823dd147.png,1286,103,309,967,197.18
4379d5e1.png,1396,94,487,979,208.96
951415f7.png,1396,94,487,979,208.96
1fc1aeff.png,1396,94,487,979,208.96
7a03339d.png,1396,94,487,979,208.96
c983d595.png,1396,94,487,979,208.96
1c4a3ee7.png,1396,94,487,979,208.96
e28b5540.png,1396,94,487,979,208.96
2a4964b3.png,1396,94,487,979,208.96
81ae52d8.png,1396,94,487,979,208.96
1ae783ce.png,1396,94,487,979,208.96
83d7405a.png,1759,66,160,998,212.12
65621237.png,1759,66,160,998,212.12
fda6d241.png,1759,66,160,998,212.12
7a3f0808.png,1759,66,160,998,212.12
358750f6.png,1759,66,160,998,212.12
7f795b9c.png,1759,66,160,998,212.12
100e809a.png,1759,66,160,998,212.12
1da3e49a.png,1759,66,160,998,212.12
c933eb8c.png,1759,66,160,998,212.12
3040a9c7.png,1759,66,160,998,212.12
d7b12e4e.png,0,527,137,199,29.29
ee1c9f80.png,0,527,137,199,29.29
d729f9ae.png,0,527,137,199,29.29
4b4990ee.png,0,527,137,199,29.29
f4735eb6.png,0,527,137,199,29.29
1fe1f411.png,0,527,137,199,29.29
058d7ca7.png,0,527,137,199,29.29
f4e7c75b.png,0,527,137,199,29.29
060f7090.png,0,527,137,199,29.29
51a37a21.png,0,527,137,199,29.29
b5b3f0e9.png,100,3,475,1061,140.0
99bc790c.png,100,3,475,1061,140.0
fa73b380.png,100,3,475,1061,140.0
1fc80269.png,100,3,475,1061,140.0
8f33c7fc.png,100,3,475,1061,140.0
b7c39207.png,100,3,475,1061,140.0
b2bdff0e.png,100,3,475,1061,140.0
c12d51ad.png,100,3,475,1061,140.0
f67ca341.png,100,3,475,1061,140.0
4447e9c5.png,100,3,475,1061,140.0
0f7bdef7.png,436,0,526,1066,170.84
885f2737.png,436,0,526,1066,170.84
67e9825e.png,436,0,526,1066,170.84
d49de6e3.png,436,0,526,1066,170.84
f89b91fc.png,436,0,526,1066,170.84
64e687de.png,436,0,526,1066,170.84
5b5134ad.png,436,0,526,1066,170.84
8135d4ec.png,436,0,526,1066,170.84
d7cf4308.png,436,0,526,1066,170.84
8ceff6d9.png,436,0,526,1066,170.84
e0ff0621.png,811,1,342,1068,245.61
46196c6c.png,811,1,342,1068,245.61
31c4da0b.png,811,1,342,1068,245.61
044b3148.png,811,1,342,1068,245.61
b9b35894.png,811,1,342,1068,245.61
2df59856.png,811,1,342,1068,245.61
fe288b00.png,811,1,342,1068,245.61
8e85d3e0.png,811,1,342,1068,245.61
3cfba696.png,811,1,342,1068,245.61
a5d33b65.png,811,1,342,1068,245.61
37d4db44.png,981,62,275,1005,250.0
d0751754.png,981,62,275,1005,250.0
74196638.png,981,62,275,1005,250.0
df00229f.png,981,62,275,1005,250.0
5f996f0b.png,981,62,275,1005,250.0
f1eb59f5.png,981,62,275,1005,250.0
b2a71be5.png,981,62,275,1005,250.0
a3dcd365.png,981,62,275,1005,250.0
b63bf658.png,981,62,275,1005,250.0
0cb3f5c7.png,981,62,275,1005,250.0
55cdb5d2.png,1322,257,250,772,608.7
f4a4e476.png,1322,257,250,772,608.7
13bdbc91.png,1322,257,250,772,608.7
da8198a5.png,1322,257,250,772,608.7
29acdf02.png,1322,257,250,772,608.7
195b7255.png,1322,257,250,772,608.7
cbb2d5eb.png,1322,257,250,772,608.7
be9333f0.png,1322,257,250,772,608.7
a6a0385f.png,1322,257,250,772,608.7
c3d7e15f.png,1322,257,250,772,608.7
9a9409a2.png,0,440,51,286,411.76
d79c4261.png,0,440,51,286,411.76
86850b24.png,0,440,51,286,411.76
bac6d0e5.png,0,440,51,286,411.76
6ac0326e.png,0,440,51,286,411.76
973feb2e.png,0,440,51,286,411.76
e8afd003.png,0,440,51,286,411.76
41d9128b.png,0,440,51,286,411.76
94a8b176.png,0,440,51,286,411.76
5475b438.png,0,440,51,286,411.76
a7ecc0d4.png,0,383,111,576,538.46
ab8a9ace.png,0,383,111,576,538.46
8fd0bcc2.png,0,383,111,576,538.46
32914c3b.png,0,383,111,576,538.46
f0be1bd8.png,0,383,111,576,538.46
631ab8fd.png,0,383,111,576,538.46
d5bb0118.png,0,383,111,576,538.46
2dad468d.png,0,383,111,576,538.46
a2d9028c.png,0,383,111,576,538.46
574eee3c.png,0,383,111,576,538.46
bd883234.png,0,388,174,563,560.0
c8bb48fc.png,0,388,174,563,560.0
b8ad31b2.png,0,388,174,563,560.0
a4ac9ae5.png,0,388,174,563,560.0
5bac8920.png,0,388,174,563,560.0
dcc63ecc.png,0,388,174,563,560.0
560d2fe4.png,0,388,174,563,560.0
2c4da372.png,0,388,174,563,560.0
87c0e7a4.png,0,388,174,563,560.0
43a3b7fd.png,0,388,174,563,560.0
4a0790d0.png,1235,472,97,313,1000.0
11e364c1.png,1235,472,97,313,1000.0
9997b978.png,1235,472,97,313,1000.0
25c4e745.png,1235,472,97,313,1000.0
1d0f41d2.png,1235,472,97,313,1000.0
95048f0a.png,1235,472,97,313,1000.0
d551b462.png,1235,472,97,313,1000.0
eaf6d730.png,1235,472,97,313,1000.0
9f1d7410.png,1235,472,97,313,1000.0
617254f9.png,1235,472,97,313,1000.0
30f43c01.png,1198,470,92,325,1076.92
47f5bcb9.png,1198,470,92,325,1076.92
22fec305.png,1198,470,92,325,1076.92
11531aec.png,1198,470,92,325,1076.92
68ca04ee.png,1198,470,92,325,1076.92
8bd2efb6.png,1198,470,92,325,1076.92
a5424280.png,1198,470,92,325,1076.92
0ea46c50.png,1198,470,92,325,1076.92
a87c0169.png,1198,470,92,325,1076.92
79b5683a.png,1198,470,92,325,1076.92
7d82c176.png,1169,472,86,324,1000.0
dddf1f90.png,1169,472,86,324,1000.0
7ef40bbf.png,1169,472,86,324,1000.0
d5565649.png,1169,472,86,324,1000.0
8703c1bf.png,1169,472,86,324,1000.0
76b28ea3.png,1169,472,86,324,1000.0
ad8c533f.png,1169,472,86,324,1000.0
e7d8350e.png,1169,472,86,324,1000.0
dc593c02.png,1169,472,86,324,1000.0
29ba089e.png,1169,472,86,324,1000.0
e3b71f34.png,863,468,164,338,560.0
b9cd4b5d.png,863,468,164,338,560.0
a59d56d7.png,863,468,164,338,560.0
f9e9e371.png,863,468,164,338,560.0
479451e9.png,863,468,164,338,560.0
aed9144e.png,863,468,164,338,560.0
9fcccfa6.png,863,468,164,338,560.0
f3dad2b3.png,863,468,164,338,560.0
bcf920b7.png,863,468,164,338,560.0
8ab2f8b0.png,863,468,164,338,560.0
5243f0da.png,796,67,522,998,285.71
ef6c8967.png,796,67,522,998,285.71
59834e4e.png,796,67,522,998,285.71
b0cd4997.png,796,67,522,998,285.71
d4807f57.png,796,67,522,998,285.71
41df2f96.png,796,67,522,998,285.71
b035df89.png,796,67,522,998,285.71
2c15e995.png,796,67,522,998,285.71
038ce717.png,796,67,522,998,285.71
9d822728.png,796,67,522,998,285.71
a6ad72c4.png,796,1,530,1065,237.29
e362746f.png,796,1,530,1065,237.29
0c3c7249.png,796,1,530,1065,237.29
46543e69.png,796,1,530,1065,237.29
93a2a6b3.png,796,1,530,1065,237.29
baaebfb6.png,796,1,530,1065,237.29
c0c861a0.png,796,1,530,1065,237.29
1d8a96cf.png,796,1,530,1065,237.29
abe2de44.png,796,1,530,1065,237.29
4e91fbe3.png,796,1,530,1065,237.29
261b41ef.png,929,1,576,1066,133.33
84a51f94.png,929,1,576,1066,133.33
34ea9214.png,929,1,576,1066,133.33
97150769.png,929,1,576,1066,133.33
8466f424.png,929,1,576,1066,133.33
f70f1f38.png,929,1,576,1066,133.33
0426812f.png,929,1,576,1066,133.33
aade4e6b.png,929,1,576,1066,133.33
d8b9a138.png,929,1,576,1066,133.33
f06efe65.png,929,1,576,1066,133.33
e4029507.png,1205,3,714,1070,105.26
35d4843b.png,1205,3,714,1070,105.26
3299bd9b.png,1205,3,714,1070,105.26
24398cbe.png,1205,3,714,1070,105.26
bf9b5f28.png,1205,3,714,1070,105.26
df9b30cc.png,1205,3,714,1070,105.26
b8612f61.png,1205,3,714,1070,105.26
cfbfea44.png,1205,3,714,1070,105.26
b81f447c.png,1205,3,714,1070,105.26
eb69c14e.png,1205,3,714,1070,105.26
0adac2ef.png,1601,6,313,1057,70.0
1a81c0bc.png,1601,6,313,1057,70.0
fb11304a.png,1601,6,313,1057,70.0
8677d8e1.png,1601,6,313,1057,70.0
52db98c7.png,1601,6,313,1057,70.0
a5a0744f.png,1601,6,313,1057,70.0
574b6464.png,1601,6,313,1057,70.0
732f6ec3.png,1601,6,313,1057,70.0
af0de0c1.png,1601,6,313,1057,70.0
b2a971e7.png,1601,6,313,1057,70.0
d79ea8eb.png,34,270,233,761,482.76
3700e64e.png,34,270,233,761,482.76
da278638.png,34,270,233,761,482.76
3c592a36.png,34,270,233,761,482.76
41a09a98.png,34,270,233,761,482.76
b5fcfffc.png,34,270,233,761,482.76
f48c3b55.png,34,270,233,761,482.76
f804ff3e.png,34,270,233,761,482.76
eb208758.png,34,270,233,761,482.76
acbaa845.png,34,270,233,761,482.76
88be1928.png,1192,94,290,980,264.15
128c78ed.png,1192,94,290,980,264.15
93579078.png,1192,94,290,980,264.15
3d8b3a08.png,1192,94,290,980,264.15
d309be27.png,1192,94,290,980,264.15
55e9f4fa.png,1192,94,290,980,264.15
961d4be9.png,1192,94,290,980,264.15
9efe47d6.png,1192,94,290,980,264.15
2c7a0187.png,1192,94,290,980,264.15
4efc7b47.png,1192,94,290,980,264.15
d265be6c.png,1389,59,428,1014,197.18
d8f602ce.png,1389,59,428,1014,197.18
c64579bc.png,1389,59,428,1014,197.18
1542f3a9.png,1389,59,428,1014,197.18
44443dbc.png,1389,59,428,1014,197.18
dbc58d02.png,1389,59,428,1014,197.18
a3490b9b.png,1389,59,428,1014,197.18
af7bc999.png,1389,59,428,1014,197.18
79fa85ed.png,1389,59,428,1014,197.18
5c92278e.png,1389,59,428,1014,197.18
01e1f103.png,1765,4,154,1067,162.79
50b70f91.png,1765,4,154,1067,162.79
028a9949.png,1765,4,154,1067,162.79
d82b1448.png,1765,4,154,1067,162.79
a6c3d6cd.png,1765,4,154,1067,162.79
7586a154.png,1765,4,154,1067,162.79
8a9ddd99.png,1765,4,154,1067,162.79
92dc126b.png,1765,4,154,1067,162.79
2d69b831.png,1765,4,154,1067,162.79
333c8100.png,1765,4,154,1067,162.79
42c5bb45.png,588,17,374,1053,255.56
ababc8db.png,588,17,374,1053,255.56
41d2e787.png,588,17,374,1053,255.56
bb3a4730.png,588,17,374,1053,255.56
e6edb62d.png,588,17,374,1053,255.56
ba08576f.png,588,17,374,1053,255.56
69c53bca.png,588,17,374,1053,255.56
e521d389.png,588,17,374,1053,255.56
500eba66.png,588,17,374,1053,255.56
0167c627.png,588,17,374,1053,255.56
9ddeea45.png,712,104,421,966,266.67
700cbcf6.png,712,104,421,966,266.67
f5ebc009.png,712,104,421,966,266.67
211d39fb.png,712,104,421,966,266.67
bab43a06.png,712,104,421,966,266.67
ef3a8ec7.png,712,104,421,966,266.67
0f339d9f.png,712,104,421,966,266.67
d0946d74.png,712,104,421,966,266.67
8f855d33.png,712,104,421,966,266.67
50c8ba3d.png,712,104,421,966,266.67
85505be3.png,1531,428,202,532,500.0
932a3131.png,1531,428,202,532,500.0
c2fbdf42.png,1531,428,202,532,500.0
d114bd8e.png,1531,428,202,532,500.0
34b7bed8.png,1531,428,202,532,500.0
6cd83074.png,1531,428,202,532,500.0
1895eaac.png,1531,428,202,532,500.0
a4e301a7.png,1531,428,202,532,500.0
4f7c164e.png,1531,428,202,532,500.0
78321c15.png,1531,428,202,532,500.0
d31b9c62.png,1513,448,206,500,566.67
e0a6e1a4.png,1513,448,206,500,566.67
2aed4410.png,1513,448,206,500,566.67
f481e7cc.png,1513,448,206,500,566.67
9b036473.png,1513,448,206,500,566.67
7ef8f614.png,1513,448,206,500,566.67
722d73ac.png,1513,448,206,500,566.67
d3f7b2d5.png,1513,448,206,500,566.67
0ab72830.png,1513,448,206,500,566.67
0caeb810.png,1513,448,206,500,566.67
3d146ec1.png,1483,2,435,1064,206.06
f81c4ff7.png,1483,2,435,1064,206.06
be1b1263.png,1483,2,435,1064,206.06
4624121e.png,1483,2,435,1064,206.06
161b2f86.png,1483,2,435,1064,206.06
772f3aca.png,1483,2,435,1064,206.06
889faf1a.png,1483,2,435,1064,206.06
189d47cc.png,1483,2,435,1064,206.06
ce3c0524.png,1483,2,435,1064,206.06
e9f8ff8b.png,1483,2,435,1064,206.06
720125de.png,0,192,161,876,437.5
ebd9d182.png,0,192,161,876,437.5
f0331a1a.png,0,192,161,876,437.5
904e4927.png,0,192,161,876,437.5
7ebe1257.png,0,192,161,876,437.5
0202e5ba.png,0,192,161,876,437.5
eda87b26.png,0,192,161,876,437.5
b9c8e723.png,0,192,161,876,437.5
77f52bd6.png,0,192,161,876,437.5
ee85ee86.png,0,192,161,876,437.5
a9bb92c5.png,1102,190,337,883,358.97
87b5c9bc.png,1102,190,337,883,358.97
c42a02af.png,1102,190,337,883,358.97
81347ae0.png,1102,190,337,883,358.97
e0752da9.png,1102,190,337,883,358.97
f6c40746.png,1102,190,337,883,358.97
75dd2cc5.png,1102,190,337,883,358.97
3f42d014.png,1102,190,337,883,358.97
49f2e293.png,1102,190,337,883,358.97
716374e2.png,1102,190,337,883,358.97
9396e786.png,614,3,565,1066,189.19
39a9377f.png,614,3,565,1066,189.19
c150489a.png,614,3,565,1066,189.19
c498e7ff.png,614,3,565,1066,189.19
80960336.png,614,3,565,1066,189.19
0570e79b.png,614,3,565,1066,189.19
37321926.png,614,3,565,1066,189.19
439fa6d9.png,614,3,565,1066,189.19
a95c4ba1.png,614,3,565,1066,189.19
face8d5e.png,614,3,565,1066,189.19
4ada80cf.png,252,1,537,1070,181.82
675dacf5.png,252,1,537,1070,181.82
c9fc2a0c.png,252,1,537,1070,181.82
7c5c491e.png,252,1,537,1070,181.82
64acf744.png,252,1,537,1070,181.82
901920a9.png,252,1,537,1070,181.82
91d1a050.png,252,1,537,1070,181.82
70c1126c.png,252,1,537,1070,181.82
28c7b807.png,252,1,537,1070,181.82
bca61c1a.png,252,1,537,1070,181.82
cb9e60e4.png,1273,216,332,847,225.81
bade4da3.png,1273,216,332,847,225.81
d6352c3c.png,1273,216,332,847,225.81
a5972feb.png,1273,216,332,847,225.81
c00a4eef.png,1273,216,332,847,225.81
ba66f9b0.png,1273,216,332,847,225.81
f1d4c53f.png,1273,216,332,847,225.81
8ffdeca7.png,1273,216,332,847,225.81
b2b8c624.png,1273,216,332,847,225.81
4fd6cff0.png,1273,216,332,847,225.81
ddc0229a.png,0,3,489,1069,170.73
744a35f5.png,0,3,489,1069,170.73
ea23c7ed.png,0,3,489,1069,170.73
a1aafecd.png,0,3,489,1069,170.73
3095517b.png,0,3,489,1069,170.73
82e3d171.png,0,3,489,1069,170.73
fc58fd06.png,0,3,489,1069,170.73
12f148a8.png,0,3,489,1069,170.73
7ca3ae1e.png,0,3,489,1069,170.73
4657afee.png,0,3,489,1069,170.73
18b7f738.png,1640,285,272,709,466.67
3fbf2f38.png,1640,285,272,709,466.67
3a452301.png,1640,285,272,709,466.67
4af5cef7.png,1640,285,272,709,466.67
5cc97c83.png,1640,285,272,709,466.67
c5d68f73.png,1640,285,272,709,466.67
ef5a1ca4.png,1640,285,272,709,466.67
69f3338e.png,1640,285,272,709,466.67
d5dfbfb1.png,1640,285,272,709,466.67
e76c7427.png,1640,285,272,709,466.67
2e0ba75b.png,1188,353,218,557,583.33
57c7117e.png,1188,353,218,557,583.33
472fc727.png,1188,353,218,557,583.33
4b3de279.png,1188,353,218,557,583.33
eaa1a555.png,1188,353,218,557,583.33
90490602.png,1188,353,218,557,583.33
b52d9c4c.png,1188,353,218,557,583.33
6df4e0d8.png,1188,353,218,557,583.33
7e132c8c.png,1188,353,218,557,583.33
1ebad160.png,1188,353,218,557,583.33
303a6d0c.png,1019,333,198,582,482.76
cbdd4863.png,1019,333,198,582,482.76
71cf05d8.png,1019,333,198,582,482.76
d92bdb38.png,1019,333,198,582,482.76
31d7e3c5.png,1019,333,198,582,482.76
545e1b18.png,1019,333,198,582,482.76
a68ebec8.png,1019,333,198,582,482.76
dc8d8277.png,1019,333,198,582,482.76
c77fc72e.png,1019,333,198,582,482.76
94545631.png,1019,333,198,582,482.76
6db03b90.png,1583,228,336,844,333.33
2e619f2e.png,1583,228,336,844,333.33
51474933.png,1583,228,336,844,333.33
fc044f4e.png,1583,228,336,844,333.33
097bf5cc.png,1583,228,336,844,333.33
2cda670a.png,1583,228,336,844,333.33
02a002d9.png,1583,228,336,844,333.33
9c16b7c9.png,1583,228,336,844,333.33
fd2b80c6.png,1583,228,336,844,333.33
652e1c28.png,1583,228,336,844,333.33
44fec34f.png,1371,220,312,849,418.52
eb5cf4bd.png,1371,220,312,849,418.52
407a4beb.png,1371,220,312,849,418.52
04552af7.png,1371,220,312,849,418.52
b29512ab.png,1371,220,312,849,418.52
71f0830b.png,1371,220,312,849,418.52
7a8e3e42.png,1371,220,312,849,418.52
b9294e64.png,1371,220,312,849,418.52
bbc341a2.png,1371,220,312,849,418.52
08181d8f.png,1371,220,312,849,418.52
1921e11b.png,39,0,544,1075,258.97
19c97707.png,39,0,544,1075,258.97
c2969566.png,39,0,544,1075,258.97
b7d5df27.png,39,0,544,1075,258.97
7bdc6b1d.png,39,0,544,1075,258.97
54b4bc5b.png,39,0,544,1075,258.97
fe2cbcd0.png,39,0,544,1075,258.97
af7d02fe.png,39,0,544,1075,258.97
670e4435.png,39,0,544,1075,258.97
c5cff25c.png,39,0,544,1075,258.97
01340f02.png,748,2,440,1072,400.0
a4708d4d.png,748,2,440,1072,400.0
af6d8970.png,748,2,440,1072,400.0
0c8afc2e.png,748,2,440,1072,400.0
4c98b964.png,748,2,440,1072,400.0
6a8cb970.png,748,2,440,1072,400.0
00c62f9d.png,748,2,440,1072,400.0
f1b32771.png,748,2,440,1072,400.0
eff927d0.png,748,2,440,1072,400.0
dc37d650.png,748,2,440,1072,400.0
cce06602.png,994,94,406,977,482.76
f6b057e2.png,994,94,406,977,482.76
dc7eba76.png,994,94,406,977,482.76
019f40d6.png,994,94,406,977,482.76
0984bc90.png,994,94,406,977,482.76
44de10c8.png,994,94,406,977,482.76
aac9403a.png,994,94,406,977,482.76
8efa3e13.png,994,94,406,977,482.76
fdddd915.png,994,94,406,977,482.76
a2681501.png,994,94,406,977,482.76
abbfbe9d.png,120,389,225,586,666.67
635d6493.png,120,389,225,586,666.67
50f09dc0.png,120,389,225,586,666.67
c07b0f84.png,120,389,225,586,666.67
6fd6511e.png,120,389,225,586,666.67
d08c2c4f.png,120,389,225,586,666.67
94833c05.png,120,389,225,586,666.67
70595eb4.png,120,389,225,586,666.67
0f80d262.png,120,389,225,586,666.67
696a4888.png,120,389,225,586,666.67
1db8e5c2.png,1340,5,572,1061,104.48
7153586b.png,1340,5,572,1061,104.48
8a1ac88f.png,1340,5,572,1061,104.48
6b17a9f2.png,1340,5,572,1061,104.48
8dc9a49a.png,1340,5,572,1061,104.48
cbba5768.png,1340,5,572,1061,104.48
0ccf8000.png,1340,5,572,1061,104.48
eb86ef0a.png,1340,5,572,1061,104.48
fca375f2.png,1340,5,572,1061,104.48
f5fdd590.png,1340,5,572,1061,104.48
694ee343.png,1239,2,680,1068,107.69
7e2f4029.png,1239,2,680,1068,107.69
aabab03f.png,1239,2,680,1068,107.69
3adc41cf.png,1239,2,680,1068,107.69
799341d5.png,1239,2,680,1068,107.69
bca122b9.png,1239,2,680,1068,107.69
ea33a1a3.png,1239,2,680,1068,107.69
9fe1fcaa.png,1239,2,680,1068,107.69
310ab63f.png,1239,2,680,1068,107.69
84e13a8d.png,1239,2,680,1068,107.69
b789457c.png,1129,2,655,1065,134.62
ed3bff0c.png,1129,2,655,1065,134.62
bc6c5cfd.png,1129,2,655,1065,134.62
0d0caa9e.png,1129,2,655,1065,134.62
69c834f2.png,1129,2,655,1065,134.62
187ffe9f.png,1129,2,655,1065,134.62
3bd291d4.png,1129,2,655,1065,134.62
849a9c5c.png,1129,2,655,1065,134.62
2123ee7a.png,1129,2,655,1065,134.62
f88b978b.png,1129,2,655,1065,134.62
3719f98b.png,1058,72,487,993,177.22
0c94d709.png,1058,72,487,993,177.22
0fc65b39.png,1058,72,487,993,177.22
f3068e42.png,1058,72,487,993,177.22
a35cccb6.png,1058,72,487,993,177.22
435937f9.png,1058,72,487,993,177.22
c1151ba0.png,1058,72,487,993,177.22
2892dd78.png,1058,72,487,993,177.22
787e0b08.png,1058,72,487,993,177.22
e3f2e94b.png,1058,72,487,993,177.22
b4f484be.png,89,0,661,1068,157.3
f7bad300.png,89,0,661,1068,157.3
27d7da9e.png,89,0,661,1068,157.3
f9db58f8.png,89,0,661,1068,157.3
acfa3986.png,89,0,661,1068,157.3
8ef9ee6e.png,89,0,661,1068,157.3
5ba55b03.png,89,0,661,1068,157.3
0456bc75.png,89,0,661,1068,157.3
173f33c8.png,89,0,661,1068,157.3
4b517e04.png,89,0,661,1068,157.3
ca9aef56.png,311,1,773,1065,114.75
6c5e8eb3.png,311,1,773,1065,114.75
5fb958ce.png,311,1,773,1065,114.75
a9e83899.png,311,1,773,1065,114.75
622acbe4.png,311,1,773,1065,114.75
8a1f1e8f.png,311,1,773,1065,114.75
764f0c6f.png,311,1,773,1065,114.75
f1b2ada6.png,311,1,773,1065,114.75
66a47b7b.png,311,1,773,1065,114.75
bf945c0c.png,311,1,773,1065,114.75
6a97322c.png,630,3,730,1061,88.61
03538ed6.png,630,3,730,1061,88.61
c8a0f9db.png,630,3,730,1061,88.61
5a8cf4dc.png,630,3,730,1061,88.61
61e4b06e.png,630,3,730,1061,88.61
786ad451.png,630,3,730,1061,88.61
fa861d5d.png,630,3,730,1061,88.61
67063e43.png,630,3,730,1061,88.61
b4680002.png,630,3,730,1061,88.61
e200ce11.png,630,3,730,1061,88.61
f1d2ce97.png,1228,4,690,1063,70.71
2d11781c.png,1228,4,690,1063,70.71
f2215ee4.png,1228,4,690,1063,70.71
32d833eb.png,1228,4,690,1063,70.71
306b5e88.png,1228,4,690,1063,70.71
da1013d2.png,1228,4,690,1063,70.71
b909e6da.png,1228,4,690,1063,70.71
786d15c0.png,1228,4,690,1063,70.71
780ddb93.png,1228,4,690,1063,70.71
1291621c.png,1228,4,690,1063,70.71
719b77e7.png,1454,1,465,1069,148.94
5180def8.png,1454,1,465,1069,148.94
0be1a087.png,1454,1,465,1069,148.94
f835bcf2.png,1454,1,465,1069,148.94
b6521890.png,1454,1,465,1069,148.94
f99a0ae3.png,1454,1,465,1069,148.94
f5f29e46.png,1454,1,465,1069,148.94
f8aeb2d9.png,1454,1,465,1069,148.94
564ff7d0.png,1454,1,465,1069,148.94
a3fb5ca7.png,1454,1,465,1069,148.94
95162338.png,958,428,119,344,933.33
bafb6e6c.png,958,428,119,344,933.33
3bd71d2d.png,958,428,119,344,933.33
894d5025.png,958,428,119,344,933.33
5e911138.png,958,428,119,344,933.33
780ea965.png,958,428,119,344,933.33
20f50783.png,958,428,119,344,933.33
da473837.png,958,428,119,344,933.33
b2f0b9c4.png,958,428,119,344,933.33
2d85bf43.png,958,428,119,344,933.33
6a514def.png,868,2,531,1067,109.38
cc362259.png,868,2,531,1067,109.38
29a44515.png,868,2,531,1067,109.38
fa8095ee.png,868,2,531,1067,109.38
b8382c2b.png,868,2,531,1067,109.38
0ee33a98.png,868,2,531,1067,109.38
f6491291.png,868,2,531,1067,109.38
b9fcafa3.png,868,2,531,1067,109.38
e90df9d0.png,868,2,531,1067,109.38
8305f4c8.png,868,2,531,1067,109.38
ad8f1505.png,1343,0,527,1070,82.84
1e4f4a1e.png,1343,0,527,1070,82.84
988eb21c.png,1343,0,527,1070,82.84
2fd8375f.png,1343,0,527,1070,82.84
9561ad50.png,1343,0,527,1070,82.84
cb84b7d4.png,1343,0,527,1070,82.84
12845cd8.png,1343,0,527,1070,82.84
c51b7bbe.png,1343,0,527,1070,82.84
00aa1a2c.png,1343,0,527,1070,82.84
239bfcef.png,1343,0,527,1070,82.84
ba37929b.png,909,0,420,1068,99.29
bdff771b.png,909,0,420,1068,99.29
087df120.png,909,0,420,1068,99.29
503b02f7.png,909,0,420,1068,99.29
10306379.png,909,0,420,1068,99.29
57984f1c.png,909,0,420,1068,99.29
0a1abca1.png,909,0,420,1068,99.29
8bf1fd65.png,909,0,420,1068,99.29
dca43528.png,909,0,420,1068,99.29
7c394222.png,909,0,420,1068,99.29
6763a4e8.png,300,4,550,1062,96.55
cbf2de61.png,300,4,550,1062,96.55
3029bc75.png,300,4,550,1062,96.55
967f0da1.png,300,4,550,1062,96.55
267e70f5.png,300,4,550,1062,96.55
3da6cd63.png,300,4,550,1062,96.55
31fbf335.png,300,4,550,1062,96.55
724d34b8.png,300,4,550,1062,96.55
15f8a158.png,300,4,550,1062,96.55
0411f623.png,300,4,550,1062,96.55
363490e8.png,415,61,434,1007,141.41
beb9f47f.png,415,61,434,1007,141.41
e2323cee.png,415,61,434,1007,141.41
53246183.png,415,61,434,1007,141.41
8f1f7a06.png,415,61,434,1007,141.41
01408a3e.png,415,61,434,1007,141.41
ae469ba3.png,415,61,434,1007,141.41
981f0fa9.png,415,61,434,1007,141.41
aecd784c.png,415,61,434,1007,141.41
4a326c46.png,415,61,434,1007,141.41
e990eafe.png,0,3,250,1064,45.6
0fefd83c.png,0,3,250,1064,45.6
9f2f0581.png,0,3,250,1064,45.6
0f21618d.png,0,3,250,1064,45.6
20757f2f.png,0,3,250,1064,45.6
33271dfa.png,0,3,250,1064,45.6
eab4dcb9.png,0,3,250,1064,45.6
4eb5564b.png,0,3,250,1064,45.6
f2e02d5f.png,0,3,250,1064,45.6
10052409.png,0,3,250,1064,45.6
afeab8f9.png,573,0,518,1066,86.96
dfb02fe5.png,573,0,518,1066,86.96
c11ca81d.png,573,0,518,1066,86.96
a539c16f.png,573,0,518,1066,86.96
5fe94b0d.png,573,0,518,1066,86.96
7fd5dd6e.png,573,0,518,1066,86.96
60b11e1a.png,573,0,518,1066,86.96
8c4a6182.png,573,0,518,1066,86.96
73d06870.png,573,0,518,1066,86.96
4d5ccde1.png,573,0,518,1066,86.96
bbd98fce.png,1428,0,490,1066,90.91
1cf6e25b.png,1428,0,490,1066,90.91
458f416f.png,1428,0,490,1066,90.91
d02e93cf.png,1428,0,490,1066,90.91
4d839cb7.png,1428,0,490,1066,90.91
6cf5d5ca.png,1428,0,490,1066,90.91
1b059aad.png,1428,0,490,1066,90.91
0d9ca214.png,1428,0,490,1066,90.91
d967de06.png,1428,0,490,1066,90.91
3e525484.png,1428,0,490,1066,90.91
